invoice_id,campaign_id,issue_date,due_date,amount_due,status
3cee52eb-ff54-416b-88ef-ad3047e72b8e,b7a64e78-f505-48e4-bda9-061900ee03d5,2022-11-13,2022-12-13,38877.17,Paid
b340619e-5a2d-4492-9c75-143fafaf6dfa,6c13a90e-da8c-48ca-a5e9-76e05a83bb46,2022-05-27,2022-06-26,22320.73,Unpaid
8176e51d-a1e0-435b-a474-af3ec4d26a09,3fc178dd-e71b-457a-82a6-d7672b645660,2024-03-23,2024-04-22,3311.27,Paid
32ce0130-a8ed-484f-ae0b-eaf1b9dedeaa,be576104-6031-4253-9a3f-e629dca6b6a5,2022-12-29,2023-01-28,10152.19,Paid
cfa3ebe8-1a1c-41c8-8c6d-142447f1ae64,3b165a74-2494-4f83-9060-7a75345a362a,2023-12-10,2024-01-09,12107.75,Overdue
5500ce3c-bf62-4068-a5a8-ed538df5aac7,12579630-cad3-40e7-97b0-86702024a345,2023-01-01,2023-01-31,6410.7,Overdue
5237d212-7e92-42d6-9bda-e265610ff671,a23ef9f5-02f6-4e4d-8445-e5e7055c6f6e,2024-10-27,2024-11-26,9493.52,Overdue
07fcb77e-f2f4-4477-ae31-34875840da44,6e6eede6-34de-4e50-9ac0-c11b5d0100a1,2024-12-03,2025-01-02,53620.35,Overdue
788c8a2d-7c0b-490b-8504-9f2cf3b3d214,be576104-6031-4253-9a3f-e629dca6b6a5,2022-12-11,2023-01-10,16658.68,Paid
8ef05ac2-69b4-4b78-8e1d-825dbaef2104,c1cb49ba-231a-4f5a-8a34-ddd85d27e8aa,2023-04-23,2023-05-23,36841.7,Unpaid
f846a836-9076-40ad-a359-ddb8d4b2fb4a,5cf552e2-5381-44e4-9ff1-c2467a05b352,2024-07-31,2024-08-30,66112.33,Paid
d5a1eded-4b44-4aa6-b352-e43d5dc61190,3cce9f68-80fb-4a13-90c1-0b88266e81f1,2022-10-01,2022-10-31,33746.84,Overdue
f5ff0c8e-8b39-4da0-9454-7ca45737cc99,32689130-337a-43c5-8e07-f5f27ec9ea37,2022-06-24,2022-07-24,2600.26,Unpaid
66959443-13ae-481c-8603-63deb36d3693,02267d2a-4960-45bf-b882-daa56d6ca767,2023-08-16,2023-09-15,85473.78,Paid
56bac526-f4a1-45a2-b026-ec4898d4d516,03c5b3b4-6ec8-4c3a-b3f0-d224331380d2,2023-07-02,2023-08-01,2163.29,Paid
903c0b44-6e64-496f-ac42-601a2d3f144b,7c08d569-54f8-43cb-893c-1cabd5675583,2024-08-27,2024-09-26,73070.18,Paid
fcee8790-4c22-4a43-9656-d4e3aa9afd79,752fe266-9a48-4c6e-8242-4c7fd9c138c8,2022-04-22,2022-05-22,29064.15,Paid
4fcf4548-bab4-47e4-adc7-8a7bc01e68ef,ff158ea6-4968-43fb-8daa-573e9cdaaf31,2024-08-27,2024-09-26,8160.11,Paid
80c428a8-54bd-41f0-9ea9-fd01f4e79600,283a374d-ee04-4c96-b3f3-5a2b96b9129b,2024-12-01,2024-12-31,39261.0,Paid
03afa5c3-a6a5-4f36-a7fc-d1fb0b35e6fa,2636cad9-1c8c-4e6f-9133-b8dd469df314,2024-05-08,2024-06-07,23616.8,Overdue
e77b1c7c-f9c3-45fd-9c78-76ca919e1db7,0fc452b8-a0dd-400d-9103-7f3281af897e,2024-10-17,2024-11-16,25641.92,Paid
cac2e43f-e2e6-40ae-b3a2-c74513189f2c,5b7fbe29-da88-48d6-9420-18e960756b3f,2024-09-11,2024-10-11,7643.99,Overdue
79e62f15-caa2-4a21-983b-7a26f5a6e08c,296094a1-ebbd-4953-bfc5-deeb76f4a70b,2024-09-15,2024-10-15,6196.82,Paid
d0bf1b2b-d17f-4edb-89f0-d90edd9f0058,4550dd7a-d74c-4f0d-aa1a-a14f03468f52,2023-11-23,2023-12-23,6797.41,Paid
2c970096-97f3-484a-87fa-1f9365561881,02085927-354d-42bc-86f5-7ed702d6f470,2023-07-15,2023-08-14,62226.67,Paid
0e316cb0-c1cc-484d-8118-16cdfca55539,13b9e719-45f6-49a9-9dd2-1e5ace161586,2023-02-22,2023-03-24,59644.19,Paid
8dbf5b7b-48e8-459b-bed9-30cb5c93ea2f,3183cc0a-d1b5-45e7-9e34-8f815ba36483,2023-11-11,2023-12-11,11268.1,Paid
eecacbbd-4407-4460-99dd-a20d9219db39,684411a6-0a9b-4d50-89a4-3f0a123aa87e,2024-08-28,2024-09-27,21024.16,Overdue
1e6d2f4f-bff6-4295-8570-902910d27975,2258e1ea-37fa-4840-9c57-6f26fac344a6,2023-01-17,2023-02-16,33960.75,Overdue
72009376-4981-4752-b113-988c7d5ea87b,cf1d9c06-85ab-4035-8f5c-24f5df014cc8,2022-08-21,2022-09-20,27343.56,Overdue
19dc2bce-157a-4d96-aa62-5d0163b71cdb,8c01f7a3-035e-4c35-84f0-83f81dcfae69,2022-05-17,2022-06-16,9544.17,Paid
13bb7f63-4ce7-4d74-93c9-50fbd0b937fa,3325a735-0108-4afa-9b13-b79810b0d040,2024-10-26,2024-11-25,30976.98,Cancelled
51a34b3b-7506-4b48-8abd-671d34380d71,5f06a3e1-6ea4-4e26-9a72-4e037d40a503,2024-06-01,2024-07-01,5361.96,Paid
5e22ffed-30d2-4373-a278-6214b07c8116,7122a35d-8c55-4313-bf63-857dfd377f98,2023-02-17,2023-03-19,22793.34,Paid
c7eb7227-b987-4cb9-9008-14ce28fd2f48,df5658de-5f96-47f6-928f-1ec4583ac910,2022-08-01,2022-08-31,25672.91,Paid
fb9945db-c672-4f9e-b796-9a75af93a0d1,beb398f2-a6ba-4163-aa5c-ff10733f7e35,2023-02-05,2023-03-07,32816.05,Unpaid
171ebc06-c149-4039-86e7-d4bc6045fe26,af2a47aa-c174-441a-9deb-7c2bb3a291b5,2023-12-24,2024-01-23,23822.46,Paid
2a37995f-953b-415d-8c6b-ce91e5358453,72e0da78-6075-4dc5-b6e4-dce45d5c4c18,2022-05-18,2022-06-17,20427.32,Paid
0963aed5-10ab-4ad2-8a73-437062f24b77,16309209-c907-4bad-88cc-35bc42cd9ae0,2024-02-16,2024-03-17,7820.36,Unpaid
63eb9609-75e9-4972-abcc-5754bb7289c5,6e98b19b-ec3c-4066-8e06-8020a03deb18,2025-02-25,2025-03-27,75388.37,Paid
4d360668-019a-414a-9493-e0eab83476f8,8a065fc2-3747-4017-bea7-954ad723db12,2024-08-03,2024-09-02,13176.15,Paid
001c0608-c307-4a30-af2c-b42642a1fb17,ff9ab007-5be1-4a52-a98f-c6fbacecb2cf,2024-09-03,2024-10-03,36808.42,Paid
45e22aae-7c80-4e25-923b-fb4c18e12f4f,ba870af7-4b50-49f3-abbb-872a27a2ae68,2025-02-23,2025-03-25,10197.67,Unpaid
9da1b7b7-2463-4084-bbd5-2bc36f155d0c,a70df768-636c-4ce9-a8ed-18cd77c29827,2022-06-18,2022-07-18,15051.77,Paid
81ab79ef-fff4-4d11-827b-1edef52b304d,7c08d569-54f8-43cb-893c-1cabd5675583,2024-07-24,2024-08-23,43626.27,Paid
7d7e7b5b-d3d0-433c-a9d9-99d47b36da6b,a70df768-636c-4ce9-a8ed-18cd77c29827,2022-06-24,2022-07-24,1742.16,Paid
ed7a4917-59fc-42db-a423-d08a3e9a5f28,976ca68a-f596-416e-899b-eb0a8a0e4223,2023-05-31,2023-06-30,7818.36,Paid
6000198e-3a2f-43c0-8c2b-1435af70e763,21347c9b-aa7d-41b6-b33a-33c4553b5a26,2022-06-23,2022-07-23,69814.45,Overdue
ee1b6d0c-0266-4d66-a045-cb75b4636a00,12579630-cad3-40e7-97b0-86702024a345,2022-12-23,2023-01-22,73637.05,Unpaid
6578f9b2-ac22-48dd-9b99-30c8efe0b907,684411a6-0a9b-4d50-89a4-3f0a123aa87e,2024-08-30,2024-09-29,20079.07,Unpaid
fdefba3e-316b-448f-a7ee-b963bc675bcf,d9e1819a-b49b-4d12-9b68-01d74997bfea,2023-12-27,2024-01-26,11991.69,Cancelled
e21adb01-e7f8-4f9d-86dd-582fbffbf945,8abd8534-079c-44e8-a259-d357dec5ae6f,2024-05-07,2024-06-06,13564.14,Paid
5fdc8428-e406-4aae-b994-9143fcbabdc3,a762ec22-7b49-4b60-9bf2-4c16e3e2aafe,2023-03-18,2023-04-17,5751.86,Paid
c4c6d59c-7905-42d0-901a-c717345ee670,df5658de-5f96-47f6-928f-1ec4583ac910,2022-08-20,2022-09-19,26451.9,Overdue
ab70e283-b416-46d3-8609-c583d0ba33de,a50281d3-e5b7-4104-959c-46ff7e52658c,2024-02-14,2024-03-15,49102.3,Cancelled
553575f1-2ff8-4097-8405-aceec740a071,30bb18ae-05c2-4ff6-9127-4fb320685474,2024-11-15,2024-12-15,19762.8,Unpaid
58b4bbce-6bec-41d4-ba44-97e96418f0c3,f7544d67-317e-4a22-a0e7-0c6aea3edd48,2024-02-16,2024-03-17,1948.27,Paid
06e4cb2f-1382-47c5-b103-e45cb9f40f57,17def78c-78ca-48a0-ae06-44ef2bb01a5f,2024-03-05,2024-04-04,3175.26,Paid
8c162844-54f3-4b1a-9799-995719e4b27d,beb398f2-a6ba-4163-aa5c-ff10733f7e35,2023-01-06,2023-02-05,54935.85,Paid
ad87cf4a-3083-47ef-96d4-0c930a892181,e455adc7-8e4c-4e98-9125-76b4013b8e67,2023-08-02,2023-09-01,4803.62,Paid
3cb5c0cc-b342-49b2-839b-e0ccf3b09fcb,d98db146-c819-4ebc-b5a9-07b1d154719f,2024-02-01,2024-03-02,22287.4,Paid
f79d227d-2927-4162-92ab-57807e1af023,0fc452b8-a0dd-400d-9103-7f3281af897e,2024-10-15,2024-11-14,2331.97,Unpaid
1298b395-b932-4bb6-8390-6c815fa8f643,ef76dbe9-0cd9-4987-94f7-55caae9029c6,2022-12-02,2023-01-01,40371.21,Unpaid
2abf72e2-ddda-43ac-bc75-a78d8ee16e61,d5a5587a-220d-4b82-b732-cbb8c0ed0f54,2023-03-22,2023-04-21,5268.49,Paid
d4a3ce7e-7f6b-4255-8e63-3d11bab46d77,998ef737-5417-4edc-b0f3-502c9d983fe8,2022-10-12,2022-11-11,37610.54,Paid
e712101c-cf79-45bd-91ae-4a49a5333c5d,b7a64e78-f505-48e4-bda9-061900ee03d5,2022-10-31,2022-11-30,47332.17,Overdue
d71b500e-49e7-486f-9888-cc3852406948,b8898097-c201-40d9-8304-16ce5b492422,2024-01-05,2024-02-04,39420.03,Overdue
a4ffbfd4-fcf0-4724-8e6d-d27bc52f9e09,976ca68a-f596-416e-899b-eb0a8a0e4223,2023-05-02,2023-06-01,6296.56,Paid
7287b126-595e-4e40-ba18-c14cd1afc9ee,4912c91c-b074-4e67-bf48-992ab23a31f9,2022-09-03,2022-10-03,10810.78,Paid
1bcd2d6b-f684-4c3a-a038-ccb0f6ed5399,ba870af7-4b50-49f3-abbb-872a27a2ae68,2025-03-13,2025-04-12,31031.86,Paid
ddbd6256-8638-4e14-a43f-b9d64d332d3e,86a95f1e-9e68-4d9d-b6be-d3092070080b,2024-02-19,2024-03-20,44133.78,Paid
26824043-14d6-4a9e-bbbf-81b411f2c9d7,16309209-c907-4bad-88cc-35bc42cd9ae0,2024-03-11,2024-04-10,6876.78,Cancelled
86f871f9-ecd8-4d73-bceb-a94ba8ce1879,a70df768-636c-4ce9-a8ed-18cd77c29827,2022-06-19,2022-07-19,19298.48,Paid
513013b5-208b-41ae-9469-9be14c627c21,3183cc0a-d1b5-45e7-9e34-8f815ba36483,2023-11-10,2023-12-10,22462.33,Unpaid
140efa3d-3f21-437d-9efc-13f253f25fe1,8e5dd0e5-009a-4598-b03f-1897bc6df8e3,2023-08-22,2023-09-21,28294.59,Unpaid
9576c7fa-9b55-4ef1-8176-25cab2180bbf,6c13a90e-da8c-48ca-a5e9-76e05a83bb46,2022-06-30,2022-07-30,73544.72,Paid
5059bc56-427d-4d07-ae0f-0b8fef99dfc2,7bdfae4a-d55a-4894-9b6a-7442bed30f9f,2024-12-23,2025-01-22,51997.99,Paid
b6ba0b3f-a745-44f6-93d1-e43f215ab541,13b9e719-45f6-49a9-9dd2-1e5ace161586,2023-02-27,2023-03-29,38537.82,Paid
1555f6d9-ae24-4d07-a3f2-b9e0d58e1e18,81655161-8d50-4c99-bc94-6a2a44eccc95,2022-10-02,2022-11-01,38133.09,Overdue
1be84f51-aa82-4c15-a2fe-fe0acdb1d91b,88adf2c7-0304-44d5-8f85-044f92e8a669,2023-10-05,2023-11-04,63593.03,Paid
dce185b6-0f7b-4843-8297-e39a9d49d7e5,1e39edfb-3f1e-4581-a46d-e614757a9be4,2024-07-03,2024-08-02,23733.57,Unpaid
1552ab02-e36a-4c86-a31e-efd5c1d93749,9c3d086b-7062-4bbc-ac4a-af6c4034e93a,2023-10-03,2023-11-02,1851.46,Paid
323d725a-9b42-4ec8-8cd8-a4e1f77594a6,0b38f39b-8c84-4733-bc96-23b3c22729e0,2024-05-10,2024-06-09,12493.24,Paid
65d55e8d-7a95-488d-8c01-6b515d771eda,483057af-8793-404b-b5a2-5c44051f6554,2022-12-04,2023-01-03,51812.74,Paid
1dbc63c8-f2bc-4113-b1fa-caf7f3e7b12c,d66323b5-e5da-4a08-baad-c912d1263d5d,2024-04-09,2024-05-09,6756.71,Paid
12c527bd-b7c3-405a-bc83-66282f6bcc77,23a9f1fc-c09b-44aa-9088-f1445c93235a,2024-01-10,2024-02-09,3096.77,Paid
ff2dd4bd-3388-4a9c-bbfe-9369dd918d41,2e0b858f-59f2-4767-8925-181095289877,2022-06-07,2022-07-07,13805.99,Paid
a1174313-8135-4bb8-a0ee-f41d5d31031a,296094a1-ebbd-4953-bfc5-deeb76f4a70b,2024-08-21,2024-09-20,2415.41,Overdue
fc669e7d-16b7-4f8a-bec0-29bfffd286bb,2ead58b0-b8dc-4491-af6b-dcdfbd7da3c1,2024-03-28,2024-04-27,15443.79,Overdue
1bee9e99-1a7e-44a2-b6c7-85199b0bbe8e,dac35ce7-c2c5-4e3d-a542-abf10243236d,2022-09-29,2022-10-29,27123.07,Paid
aebaa424-b653-440f-b93a-4a03ab032071,be576104-6031-4253-9a3f-e629dca6b6a5,2023-01-02,2023-02-01,19999.8,Overdue
5d1bafab-e5b8-4a6a-855c-28041eeffd1b,beb398f2-a6ba-4163-aa5c-ff10733f7e35,2023-01-03,2023-02-02,44787.64,Paid
82a20588-a777-43eb-83a4-615798d82c20,16309209-c907-4bad-88cc-35bc42cd9ae0,2024-03-01,2024-03-31,9575.31,Unpaid
da4efae7-e2d0-4496-b0b2-8ea7bad3097b,24e8e223-e15f-4b0f-8193-f10a864ce018,2024-04-25,2024-05-25,15962.87,Paid
13184139-78e2-446f-92dc-341c61242df8,32689130-337a-43c5-8e07-f5f27ec9ea37,2022-06-07,2022-07-07,19699.11,Paid
f73ec222-7d36-4d2a-a9ca-4d60cba8875e,3183cc0a-d1b5-45e7-9e34-8f815ba36483,2023-11-15,2023-12-15,1109.4,Overdue
d8257b06-ff05-4ef1-b2be-589018520dbb,122d8b88-2c0a-4183-a17e-08fdcbb0d906,2025-01-31,2025-03-02,44381.84,Paid
b0787c58-dc51-403f-8641-1baa801497f1,24e8e223-e15f-4b0f-8193-f10a864ce018,2024-04-06,2024-05-06,73677.68,Paid
4e8db27d-5d7e-4310-bf03-a8be47649335,0fc452b8-a0dd-400d-9103-7f3281af897e,2024-10-23,2024-11-22,46024.43,Paid
fc041d5f-b98f-44d3-8eb6-d2cdb459348d,53f9f840-7f9f-47c5-b77e-07a9b745d381,2022-07-01,2022-07-31,6638.79,Unpaid
e2b89e7a-9321-41da-a16e-d1af3e57c150,d5a5587a-220d-4b82-b732-cbb8c0ed0f54,2023-03-20,2023-04-19,6036.23,Cancelled
1e277bc5-01cb-40ee-a4fd-68ca7a3ee173,b7a64e78-f505-48e4-bda9-061900ee03d5,2022-11-07,2022-12-07,34718.77,Overdue
04276439-718f-427c-910f-f7e4fcbd5fa2,5f06a3e1-6ea4-4e26-9a72-4e037d40a503,2024-07-11,2024-08-10,15385.27,Paid
51d8c245-a940-4f3a-9747-4616cc084438,2ead58b0-b8dc-4491-af6b-dcdfbd7da3c1,2024-04-22,2024-05-22,14235.13,Paid
3aa373ea-54ee-4f91-9bc9-bbc7bea06045,d5a5587a-220d-4b82-b732-cbb8c0ed0f54,2023-03-02,2023-04-01,4960.52,Paid
fe7a2ef4-8c81-47b5-96bc-d37a18a76750,342fd872-243c-4004-9a7b-c14bbafbf534,2023-05-06,2023-06-05,8094.2,Overdue
7e1ec4ec-50f9-4840-b539-af9e99f38225,40ab52b0-d596-4352-9143-34640edc6ed0,2022-06-06,2022-07-06,14590.39,Paid
f181e4fa-1d45-448b-87f8-505e385c7fe2,ab00192b-503d-4f91-b0f0-51b67f945b7c,2022-06-19,2022-07-19,82707.98,Paid
f6d0cdd9-d23d-43a4-bbdf-99d4add8ab9a,35c78b1b-c5f1-4509-8741-7f24159becc9,2023-05-08,2023-06-07,42945.31,Paid
33fe50b8-4d94-4387-9834-d105d0c60891,d9e1819a-b49b-4d12-9b68-01d74997bfea,2023-12-03,2024-01-02,35366.43,Unpaid
bc72dc70-d5ea-4db2-ac38-21a63cee5708,02267d2a-4960-45bf-b882-daa56d6ca767,2023-08-19,2023-09-18,27737.59,Overdue
fcba621c-ab54-4528-b603-a35c106fbbc5,2636cad9-1c8c-4e6f-9133-b8dd469df314,2024-04-20,2024-05-20,26977.91,Unpaid
c73ed97c-3376-498e-8c99-48be1467aaaa,342e79b3-83d9-4aea-af5c-c3989097be5f,2023-10-16,2023-11-15,37780.49,Overdue
74b37140-5b9e-4e13-829d-5e3e7ab9c2f3,d98db146-c819-4ebc-b5a9-07b1d154719f,2024-03-02,2024-04-01,30648.78,Unpaid
166e4f3d-2aee-4664-864c-78c62fff9956,e84ffa27-99fd-4040-9ddb-2d4fe613bc7e,2024-09-01,2024-10-01,35225.65,Paid
a40a4b95-d0c8-4877-abd8-a64353f7b7cd,53f9f840-7f9f-47c5-b77e-07a9b745d381,2022-07-05,2022-08-04,1394.22,Paid
25294ef1-5b0a-4036-8e7f-31f5853912aa,56a08cb3-b6bd-4359-94b8-01c512925af0,2024-06-21,2024-07-21,77119.23,Unpaid
5f0ad659-b759-4e3d-bd17-ce8d85a5f776,d2d0a3f9-5cf4-4866-822e-bec51c6e99dc,2022-06-04,2022-07-04,15359.12,Unpaid
a2fdbce5-9336-4488-9516-b9c260f40ff6,6c13a90e-da8c-48ca-a5e9-76e05a83bb46,2022-06-19,2022-07-19,50308.92,Paid
cdf420be-780d-4536-bc17-b2566b88f517,81655161-8d50-4c99-bc94-6a2a44eccc95,2022-09-19,2022-10-19,39486.19,Paid
85ef5cb9-ea2d-4204-815f-87299564dd24,2258e1ea-37fa-4840-9c57-6f26fac344a6,2023-01-22,2023-02-21,30105.41,Paid
f06b8391-23f5-4406-bbbc-ba161cdd077a,03c5b3b4-6ec8-4c3a-b3f0-d224331380d2,2023-07-14,2023-08-13,20985.02,Paid
b9ae34a7-a151-43aa-891f-50c00e38b37c,43b7a039-254d-421a-8e9b-2cccbba2d75f,2023-01-17,2023-02-16,9519.54,Paid
96690d5e-da63-4386-859c-b9560b5fbf65,669b9d6d-5269-4c61-916c-5434658b39dd,2022-07-06,2022-08-05,22255.75,Paid
f0dbb879-f34a-41a9-bbb3-141dc16d29a3,02267d2a-4960-45bf-b882-daa56d6ca767,2023-08-19,2023-09-18,49430.89,Paid
55f47f23-a52a-4308-b818-a3411fe646da,0b38f39b-8c84-4733-bc96-23b3c22729e0,2024-05-04,2024-06-03,57969.25,Paid
bc46fe9b-391d-4a90-a79e-959320580c7b,88adf2c7-0304-44d5-8f85-044f92e8a669,2023-10-27,2023-11-26,19949.45,Paid
405629eb-a593-4b81-b6dd-81ca0cadb649,7c8d6e8a-8f6d-4203-a44b-15d53f57065b,2023-08-07,2023-09-06,33311.37,Unpaid
a66a8cfc-2776-4733-ac3c-c956dce205f6,3183cc0a-d1b5-45e7-9e34-8f815ba36483,2023-11-13,2023-12-13,41609.95,Paid
112cd5fe-8d20-4800-952b-047ce4e11c76,02085927-354d-42bc-86f5-7ed702d6f470,2023-07-22,2023-08-21,17960.37,Paid
66407fe1-9e73-4a11-8bd2-bc4809a07a8f,c89265dd-f542-44dc-8038-179c6e11a941,2023-02-20,2023-03-22,1482.9,Unpaid
27e99166-c2b1-4848-b1fc-da5b882be628,32ad1572-ec5e-440c-ad40-e8908238b535,2024-10-24,2024-11-23,24380.1,Unpaid
e939e31e-e2da-4746-bfb9-56aeac5be317,b649a400-e459-4ce0-8f0a-3c83935b83c4,2024-10-05,2024-11-04,8162.62,Paid
2b2557b9-c163-4f94-89f0-631e0622da77,bab56caf-f39e-4ad7-9358-f9e74f03007a,2024-12-02,2025-01-01,18001.98,Paid
ee0753af-1aa5-42d3-9e4e-659e9433b28c,4e5b1d3f-a7f7-4b58-be67-91204c97f36e,2025-01-20,2025-02-19,29361.31,Paid
373ede45-19e4-47c3-ac7c-e7c7ea09a2a2,8c01f7a3-035e-4c35-84f0-83f81dcfae69,2022-04-24,2022-05-24,5153.46,Unpaid
6411aefa-7992-4a65-9ee2-f161449282c3,4550dd7a-d74c-4f0d-aa1a-a14f03468f52,2023-10-25,2023-11-24,5185.55,Unpaid
9549d1d1-8f16-4b9e-adc8-69e7c46ee612,7bdfae4a-d55a-4894-9b6a-7442bed30f9f,2024-12-29,2025-01-28,4096.98,Paid
d648cd36-a5d3-4f67-9eb6-2f525fa68d39,2c503f79-c74c-4f87-9c45-feccd9c254c1,2024-03-10,2024-04-09,64344.18,Paid
9197dca1-b74c-47f0-9dbc-80374aaaa0e7,0f813e6f-b877-432d-9597-0b0122442dee,2024-07-25,2024-08-24,23761.39,Overdue
9da9bc9d-38fa-471b-8ee4-8fe344aac515,342fd872-243c-4004-9a7b-c14bbafbf534,2023-05-14,2023-06-13,10494.01,Paid
a43f48dc-82c9-48e9-b61b-3f4c4322b794,695f26f6-c422-4edd-bd51-5cffab8e874f,2024-10-31,2024-11-30,12713.38,Paid
0bba39e6-ada5-4f39-8338-49cd77fd571e,a50281d3-e5b7-4104-959c-46ff7e52658c,2024-02-18,2024-03-19,58652.84,Paid
e9eb4576-a122-4346-a165-5cf8d5c4ff16,1f42d3e8-b602-467c-af39-670310fc930f,2023-02-13,2023-03-15,64559.83,Overdue
ad91d2cf-a035-4f51-8b1b-929a428a1a7a,e4e78db3-f815-4514-9e19-cac6149602cd,2024-02-02,2024-03-03,7317.46,Unpaid
a83918f8-9d86-4475-a1c2-0632cfebafdc,42db63f4-01cf-4ff1-ab71-0d82ae596c45,2025-04-10,2025-05-10,20074.84,Paid
a2a3e794-4785-478c-a8dc-52fd9076eaec,998ef737-5417-4edc-b0f3-502c9d983fe8,2022-10-10,2022-11-09,35877.57,Paid
9ba3f7e3-e6c0-4a7d-80c4-4f55b320d843,4e5b1d3f-a7f7-4b58-be67-91204c97f36e,2025-01-06,2025-02-05,46199.55,Overdue
3f4690aa-7751-46f6-9b65-8266d3af6af9,91f6b087-5447-4e72-854c-6c7b7e6f852d,2022-07-08,2022-08-07,25193.08,Overdue
8f7b2ff9-a47c-4951-9b6c-aa8c2ac40c8b,e4e78db3-f815-4514-9e19-cac6149602cd,2024-01-28,2024-02-27,16123.93,Paid
bc58cf3e-14df-4a43-9283-d804a86daf63,0f813e6f-b877-432d-9597-0b0122442dee,2024-06-12,2024-07-12,50583.59,Paid
ef63261c-4bf2-4a75-bdd0-bfa241690a51,1e39edfb-3f1e-4581-a46d-e614757a9be4,2024-06-25,2024-07-25,11906.29,Paid
c30b0110-2431-440b-ab81-cb5e0083aa42,3b4555f3-3260-4308-8acc-f5c5a105fffa,2023-06-30,2023-07-30,3594.73,Paid
b24d27af-c2b6-4a24-9ee5-5c2de590b0f6,ab6b54d7-3c4c-4634-be1b-d8585e3ec276,2023-10-01,2023-10-31,3693.09,Unpaid
9e90281e-a8a8-4703-a8db-520b47e5e5f1,81655161-8d50-4c99-bc94-6a2a44eccc95,2022-09-18,2022-10-18,66235.67,Paid
a4c61d16-c083-4c17-9db4-c886342b5d56,c89265dd-f542-44dc-8038-179c6e11a941,2023-02-15,2023-03-17,2345.28,Unpaid
56e65582-0aaa-44e6-9b65-fb4e77222acd,6e98b19b-ec3c-4066-8e06-8020a03deb18,2025-02-26,2025-03-28,18815.18,Paid
1c4dc90c-522d-4b29-b42d-daa18ecdb9d2,b8898097-c201-40d9-8304-16ce5b492422,2024-01-01,2024-01-31,31631.04,Paid
bc701a90-cc19-4151-9564-5c11038c462d,2e0b858f-59f2-4767-8925-181095289877,2022-05-29,2022-06-28,34969.84,Paid
9ae038bc-c120-4553-9685-296fa6aee302,30bb18ae-05c2-4ff6-9127-4fb320685474,2024-11-06,2024-12-06,7896.44,Unpaid
1758afa7-d5a9-42a2-a08c-4c8f375c206e,2c503f79-c74c-4f87-9c45-feccd9c254c1,2024-02-15,2024-03-16,60843.25,Unpaid
3ff69c94-3a9b-4201-a4d4-7bf548d452aa,0b38f39b-8c84-4733-bc96-23b3c22729e0,2024-04-24,2024-05-24,43986.84,Paid
b9f95247-00d0-4aac-b9e5-43e4b4169e57,4bed9cd8-4cd7-4439-988d-43ab2d226401,2022-09-29,2022-10-29,19219.91,Unpaid
e5a8ef8a-3b3b-4450-bf86-467b66877df8,e2360655-beab-4381-b77e-20010de63f5c,2024-05-07,2024-06-06,16362.04,Unpaid
1ee48de7-2d79-47d1-a16e-f352122c0eb2,35c78b1b-c5f1-4509-8741-7f24159becc9,2023-06-24,2023-07-24,25280.3,Paid
3f9ccde0-c66e-4468-aedc-23b9c7b8f1c6,0f813e6f-b877-432d-9597-0b0122442dee,2024-07-12,2024-08-11,69630.24,Unpaid
84e60875-dd17-4a97-a114-839c880f1dbb,dd51b13d-181c-4160-b462-bdaa00944b1d,2024-02-23,2024-03-24,1824.92,Unpaid
c4448392-11c8-4c8f-b2bc-ae73f04ddbda,5cfbb39d-4a73-4a73-a08e-4271bd778ecc,2023-10-06,2023-11-05,52642.23,Unpaid
0c7e76e3-7ff9-42c5-8033-14123ffd017d,3b165a74-2494-4f83-9060-7a75345a362a,2023-11-22,2023-12-22,27108.69,Paid
e5558521-6eb0-4778-86c0-0c7d0fac62ad,52f73625-8711-4b85-a42e-d31946443924,2023-07-28,2023-08-27,56395.82,Paid
c34643f7-e080-4d09-bd41-511d6b52ba9e,ce7fd76e-d9d7-45b1-a6ba-c833e0329c84,2023-09-24,2023-10-24,11054.74,Paid
c23b4e3b-c1f5-49ad-a510-9bb66f574de5,4e5b1d3f-a7f7-4b58-be67-91204c97f36e,2025-01-26,2025-02-25,20585.56,Unpaid
dbf7810b-2fec-476c-be66-218a5565b7bb,ff158ea6-4968-43fb-8daa-573e9cdaaf31,2024-09-01,2024-10-01,10478.91,Unpaid
a6e32dc3-cd3a-48ea-8fda-7d6b8ca1a90d,ef76dbe9-0cd9-4987-94f7-55caae9029c6,2022-12-09,2023-01-08,3989.61,Paid
aa1f2daa-cbef-48b4-90da-cfeeb7e92769,a50281d3-e5b7-4104-959c-46ff7e52658c,2024-02-20,2024-03-21,63340.88,Paid
143a95f5-4606-46c8-9c74-d5fdb4b0634b,5cfbb39d-4a73-4a73-a08e-4271bd778ecc,2023-10-10,2023-11-09,30448.84,Paid
ae948e36-3150-40a8-b23e-40b6cb66dfc4,365ba295-6aa5-4832-9087-1e6fae388657,2023-06-12,2023-07-12,26401.69,Cancelled
3dc8caa5-cf79-4ee5-a347-205f702ee750,a762ec22-7b49-4b60-9bf2-4c16e3e2aafe,2023-03-11,2023-04-10,31018.37,Cancelled
81cc6dc6-b403-4943-92c4-c4f281ddaa01,af2a47aa-c174-441a-9deb-7c2bb3a291b5,2023-12-24,2024-01-23,68316.3,Overdue
dad41c66-987d-4541-bcc4-79e2e5bba7c2,1e39edfb-3f1e-4581-a46d-e614757a9be4,2024-06-22,2024-07-22,6146.31,Overdue
ab912d87-42d3-4310-adb4-dc7c320fdfbf,a50281d3-e5b7-4104-959c-46ff7e52658c,2024-02-26,2024-03-27,16157.67,Unpaid
afa7d15e-4be9-4d1c-9049-3613f0d57b33,40ab52b0-d596-4352-9143-34640edc6ed0,2022-07-28,2022-08-27,9416.87,Unpaid
7c816b87-0d7f-474c-9d5e-98b91d24bea9,342e79b3-83d9-4aea-af5c-c3989097be5f,2023-11-28,2023-12-28,40115.8,Paid
18b96a03-7979-48e8-8cb9-4108faccad46,1bd90f3e-b297-4155-bba8-c8275188c5e2,2023-04-12,2023-05-12,20479.4,Paid
0731c4b3-759d-46e1-8160-c4fb6f053f05,a50480a1-0236-489d-b6b6-b33deec5e2f3,2023-03-04,2023-04-03,20039.96,Paid
e63cbded-c3a7-42f5-a1a0-780ea2ba3b1b,1e39edfb-3f1e-4581-a46d-e614757a9be4,2024-06-16,2024-07-16,21498.26,Cancelled
98bad62b-243d-4dec-b66c-909e995a3c52,4cef0289-1373-4c46-af2c-a66b85932f65,2024-11-11,2024-12-11,13151.1,Paid
ea439a89-756a-4f39-9ee6-dbad7b9fc164,695f26f6-c422-4edd-bd51-5cffab8e874f,2024-10-01,2024-10-31,3895.41,Paid
b6addaea-4620-4149-a417-04e0465df9a4,d9e1819a-b49b-4d12-9b68-01d74997bfea,2023-12-20,2024-01-19,16855.84,Paid
63bc8b3e-7269-478a-a450-d68fea2c6056,669b9d6d-5269-4c61-916c-5434658b39dd,2022-07-10,2022-08-09,19098.8,Paid
8af4f427-4efb-436c-aff6-a70ca64b60e6,752fe266-9a48-4c6e-8242-4c7fd9c138c8,2022-04-22,2022-05-22,30163.57,Unpaid
8e5d7dfb-c9f5-4453-a944-13aa71742bb8,c6fb3e48-82eb-4556-9a46-936d26d9a8d2,2023-03-27,2023-04-26,1795.83,Unpaid
f0951fbf-074d-43ee-9f0c-1002ae10ab85,52f73625-8711-4b85-a42e-d31946443924,2023-07-27,2023-08-26,67656.05,Paid
9ccde688-77ce-4802-8051-be2fb91e7f0e,5cf552e2-5381-44e4-9ff1-c2467a05b352,2024-08-04,2024-09-03,39235.81,Unpaid
2ffb4575-9579-4328-ade2-78a0cff7f94a,638a2a75-bd3b-489a-8d35-586b57bb1f6b,2025-03-14,2025-04-13,51755.14,Paid
1e1b40b2-13fc-48ad-a37d-8fac24db1d9d,9fee7cad-92f7-4a87-827f-19e91e5701d8,2023-10-08,2023-11-07,16469.03,Paid
33b8aa6e-f9b7-4274-a24a-dfd4682c246c,16309209-c907-4bad-88cc-35bc42cd9ae0,2024-03-14,2024-04-13,1525.17,Paid
05bd4aa2-2a9f-4c72-bd00-b8f0450d9168,ff9ab007-5be1-4a52-a98f-c6fbacecb2cf,2024-08-19,2024-09-18,31791.63,Unpaid
551a8460-bb33-448b-b605-dc9ab122af8c,365ba295-6aa5-4832-9087-1e6fae388657,2023-05-28,2023-06-27,6155.07,Overdue
97ab1eff-f0e2-4520-ab41-f81783f44652,ff9ab007-5be1-4a52-a98f-c6fbacecb2cf,2024-08-24,2024-09-23,40708.4,Paid
8c93c763-83e1-4573-aded-cd4e3b901e9d,976ca68a-f596-416e-899b-eb0a8a0e4223,2023-05-12,2023-06-11,5033.8,Paid
fade26d8-ce23-49a3-bca2-992c4c8d8c1e,72e0da78-6075-4dc5-b6e4-dce45d5c4c18,2022-06-05,2022-07-05,28810.6,Paid
31e725de-a670-4df2-bcca-c63be791d99c,0fc452b8-a0dd-400d-9103-7f3281af897e,2024-10-19,2024-11-18,24564.04,Paid
3fd0cfeb-90ab-4e4a-826a-0c21d19ba755,2ead58b0-b8dc-4491-af6b-dcdfbd7da3c1,2024-04-04,2024-05-04,29192.4,Paid
9063201d-f558-4af6-bc2a-abd342f1ceec,4cef0289-1373-4c46-af2c-a66b85932f65,2024-11-13,2024-12-13,28421.12,Unpaid
e6af458c-ffb2-45c4-ac17-40c218cd744d,ce7fd76e-d9d7-45b1-a6ba-c833e0329c84,2023-09-22,2023-10-22,28169.77,Overdue
b6e4c0b6-c34f-4922-bf54-a930fd688c8c,7122a35d-8c55-4313-bf63-857dfd377f98,2023-03-02,2023-04-01,11308.61,Overdue
2c59c9d1-d582-4aa2-89f7-14eabaf1a46e,695f26f6-c422-4edd-bd51-5cffab8e874f,2024-11-21,2024-12-21,5910.1,Paid
684c36de-287f-404e-9467-6b81d692ebf4,1e39edfb-3f1e-4581-a46d-e614757a9be4,2024-06-17,2024-07-17,10292.95,Paid
8ac43226-0952-40ba-856a-84cfb1f3c21a,4bed9cd8-4cd7-4439-988d-43ab2d226401,2022-09-19,2022-10-19,72218.36,Unpaid
315b5768-902b-4215-82c2-954b60ce2488,24926daf-4c5a-4b30-b9f4-8e45799aecfd,2023-08-22,2023-09-21,12105.53,Unpaid
eb5f29b1-f9e1-4b14-b6de-a83d6a25b14e,a50281d3-e5b7-4104-959c-46ff7e52658c,2024-02-25,2024-03-26,40545.55,Unpaid
59071c79-ba09-4551-8b0a-65103842b601,342e79b3-83d9-4aea-af5c-c3989097be5f,2023-10-16,2023-11-15,43523.02,Paid
7f6cf43f-1d23-4ff2-9eb5-c55a75571c69,be576104-6031-4253-9a3f-e629dca6b6a5,2022-12-20,2023-01-19,33915.49,Paid
b919a10b-d1d7-4e6e-9099-ac29d1517841,4e5b1d3f-a7f7-4b58-be67-91204c97f36e,2025-02-08,2025-03-10,43851.8,Overdue
c5a921f5-a710-461d-96f2-34db2aba9891,2bbe5688-e68a-4e29-bb59-3beea68c2241,2023-07-12,2023-08-11,52287.48,Paid
3d38507e-e631-4ab3-99d6-0f81ef1cbe0f,2e0b858f-59f2-4767-8925-181095289877,2022-06-02,2022-07-02,12583.31,Unpaid
ba489dac-9d91-46fd-b451-1ae93ad7ebf3,d98db146-c819-4ebc-b5a9-07b1d154719f,2024-02-08,2024-03-09,29510.38,Paid
863c9780-8f13-4184-bd81-b8dcbe5cf60e,a50480a1-0236-489d-b6b6-b33deec5e2f3,2023-02-07,2023-03-09,45882.61,Paid
24833ca6-ff62-4b04-a047-5648379c29a0,283a374d-ee04-4c96-b3f3-5a2b96b9129b,2024-12-21,2025-01-20,29905.86,Paid
9d103660-8460-43f8-952d-8aea3515ab8b,3fc178dd-e71b-457a-82a6-d7672b645660,2024-03-10,2024-04-09,6514.7,Paid
867fd954-6ebd-4e17-a724-1f1ec24d00b8,78da9c03-7d07-4463-a06f-2ce5eae55506,2023-04-17,2023-05-17,5046.54,Paid
9cbafd3e-82a7-481a-9e81-e4ccf0bdf4e7,7d468a1b-1871-4cde-bf81-2208db50b10d,2024-02-19,2024-03-20,32673.04,Paid
ac97dcda-92d0-4f0d-ba32-9cb6be5dfae8,af2a47aa-c174-441a-9deb-7c2bb3a291b5,2023-11-23,2023-12-23,12563.71,Overdue
f5e2aac6-d08a-4cea-a36e-709fe7aa0a78,1f8d22d8-300f-451a-a161-764895d8a294,2024-10-02,2024-11-01,8163.53,Unpaid
07be85be-40f5-4916-9af5-4d01c2e553f5,c8ce84e2-60fa-4318-95ae-1cb548e4c39b,2023-07-09,2023-08-08,1169.47,Overdue
427fceb8-6cdf-4d21-b715-2c2d20e11bd7,3b4555f3-3260-4308-8acc-f5c5a105fffa,2023-06-26,2023-07-26,6209.99,Unpaid
7d93be29-acdd-404a-955a-d88f6900569b,30bb18ae-05c2-4ff6-9127-4fb320685474,2024-11-24,2024-12-24,8880.83,Paid
3410cc9a-9942-46d8-9a0c-5e8a9fe447ed,86a95f1e-9e68-4d9d-b6be-d3092070080b,2024-01-28,2024-02-27,39881.81,Paid
3eb6852e-0abc-43bd-baf9-e262733a39ca,b8429ac7-1c86-4656-9a35-6e8d9ecc5c3b,2025-06-08,2025-07-08,11255.69,Paid
164ad2c9-8ac6-4adb-a420-fdd22e6fd999,4cef0289-1373-4c46-af2c-a66b85932f65,2024-12-17,2025-01-16,5074.8,Paid
a47d4c1e-7427-4320-b3d5-267866813d7b,5cf552e2-5381-44e4-9ff1-c2467a05b352,2024-06-20,2024-07-20,22675.99,Paid
543aaf00-4298-4006-b940-222b99a2067c,122d8b88-2c0a-4183-a17e-08fdcbb0d906,2025-01-31,2025-03-02,22517.11,Paid
4a90f6c8-68ff-4896-8b89-64b2f16f5f0c,3fa86f4a-b855-49c4-8805-95a6a4abf47f,2024-10-06,2024-11-05,5231.77,Overdue
4739b9f6-4e34-468e-a406-01d742780690,5daebd63-bc6d-4596-b1f8-c4f8ecb14729,2025-01-05,2025-02-04,7034.66,Paid
17626a75-43e6-4a68-a46d-566042cd8830,5f06a3e1-6ea4-4e26-9a72-4e037d40a503,2024-06-28,2024-07-28,3461.76,Paid
f35b8ae9-67bd-480d-aa67-15352dc12307,6c13a90e-da8c-48ca-a5e9-76e05a83bb46,2022-05-15,2022-06-14,85458.99,Overdue
181561ba-0424-4247-b124-4f6c7366ed6e,bec802aa-863e-4d22-a013-8d23d2030731,2025-04-19,2025-05-19,32599.27,Paid
2bf0b921-c756-4f1f-87c6-881d0a759a0a,1bd90f3e-b297-4155-bba8-c8275188c5e2,2023-04-29,2023-05-29,1474.86,Unpaid
5dbc1532-8a94-474e-8f96-873c9036f83a,419931bd-3371-46f0-b373-ffd450abd2ce,2022-08-31,2022-09-30,14374.36,Paid
f6492cf7-4cb5-4dd3-b56f-9482f8605505,283a374d-ee04-4c96-b3f3-5a2b96b9129b,2024-12-16,2025-01-15,66271.3,Paid
7891c9f6-dac1-4689-a5c1-d9025123cfeb,cf1d9c06-85ab-4035-8f5c-24f5df014cc8,2022-08-13,2022-09-12,12868.65,Paid
59985efe-b97f-4bd3-9121-0b1b84703cbf,32689130-337a-43c5-8e07-f5f27ec9ea37,2022-06-19,2022-07-19,1261.96,Paid
30852bc7-a362-476c-8534-55690b21946d,4e5b1d3f-a7f7-4b58-be67-91204c97f36e,2025-02-06,2025-03-08,36143.82,Unpaid
0d5e5c0a-2460-4fc0-bdfe-bc7a752f752e,1bd90f3e-b297-4155-bba8-c8275188c5e2,2023-04-30,2023-05-30,28259.7,Paid
5c00e7b0-c75f-4c82-b759-8dcf772b1048,ff9ab007-5be1-4a52-a98f-c6fbacecb2cf,2024-09-12,2024-10-12,54397.78,Overdue
27deb71d-95e5-444e-8f0f-07ce5499d3c0,cf1d9c06-85ab-4035-8f5c-24f5df014cc8,2022-08-13,2022-09-12,59529.53,Paid
a27b7c95-bc1c-4d21-bed5-bed821d3be99,f7544d67-317e-4a22-a0e7-0c6aea3edd48,2024-02-12,2024-03-13,26930.16,Paid
71226b04-1fc3-4ed6-ab51-53968d3261cb,695f26f6-c422-4edd-bd51-5cffab8e874f,2024-09-18,2024-10-18,4519.43,Paid
8c319802-93c7-44c4-8aae-f29d85ecd6d7,b649a400-e459-4ce0-8f0a-3c83935b83c4,2024-10-07,2024-11-06,44274.73,Paid
0f0022d1-7194-40e3-969d-65d529f25054,96acb26a-369f-409c-842e-69a5e68ddc20,2022-10-03,2022-11-02,7033.53,Paid
184497be-b9d5-4e7c-96c9-5e202071b942,3183cc0a-d1b5-45e7-9e34-8f815ba36483,2023-11-21,2023-12-21,41609.02,Unpaid
de657476-5e8a-48b6-bcbf-ea6325d147cf,a23ef9f5-02f6-4e4d-8445-e5e7055c6f6e,2024-11-29,2024-12-29,4395.95,Paid
6a8d4036-0744-4837-a698-e9ae0a08e794,9fee7cad-92f7-4a87-827f-19e91e5701d8,2023-11-09,2023-12-09,9745.64,Paid
d322334f-0e52-4462-8240-12c36964811c,7c8d6e8a-8f6d-4203-a44b-15d53f57065b,2023-06-13,2023-07-13,7331.63,Paid
b9267d5c-332d-45c9-ae57-ec6280f0ac98,cf1d9c06-85ab-4035-8f5c-24f5df014cc8,2022-08-18,2022-09-17,38682.74,Overdue
008d0a12-83f0-4363-ba03-d6afe14066f6,32ad1572-ec5e-440c-ad40-e8908238b535,2024-10-20,2024-11-19,24457.77,Paid
db0e8ac2-7665-4f52-95e7-976c54e829aa,32ad1572-ec5e-440c-ad40-e8908238b535,2024-10-20,2024-11-19,49171.55,Paid
0ef8b5e2-d64b-4343-b053-622064d46b68,122d8b88-2c0a-4183-a17e-08fdcbb0d906,2025-01-28,2025-02-27,32921.5,Paid
93211f9f-c4f3-4a53-8cce-97eadbf06efc,ff158ea6-4968-43fb-8daa-573e9cdaaf31,2024-08-10,2024-09-09,4112.5,Unpaid
2cd63301-3820-4522-b50f-6362f9f8360f,96acb26a-369f-409c-842e-69a5e68ddc20,2022-09-30,2022-10-30,3858.15,Paid
3cb50079-1b38-408c-b30a-2dcefb2c5b9c,2636cad9-1c8c-4e6f-9133-b8dd469df314,2024-04-08,2024-05-08,80090.23,Unpaid
dd1c80ce-003f-4606-85c8-0997964fd89c,72e0da78-6075-4dc5-b6e4-dce45d5c4c18,2022-05-29,2022-06-28,14648.5,Paid
2d964954-ab54-4904-95ff-b20ccfcdeadb,7c8d6e8a-8f6d-4203-a44b-15d53f57065b,2023-08-12,2023-09-11,29085.63,Cancelled
6f743bc6-0ac5-4c2e-b85d-7faec23293c0,3b165a74-2494-4f83-9060-7a75345a362a,2023-11-25,2023-12-25,9710.98,Unpaid
e0063e1e-d4cf-4b82-ac2f-6f7fde7cbdee,d98db146-c819-4ebc-b5a9-07b1d154719f,2024-03-03,2024-04-02,12941.19,Paid
b62e4632-f373-4667-96b7-369093c7903a,4912c91c-b074-4e67-bf48-992ab23a31f9,2022-09-26,2022-10-26,7418.56,Paid
8c406a34-14ef-4147-b542-1e13b84a1a02,40ab52b0-d596-4352-9143-34640edc6ed0,2022-07-31,2022-08-30,26326.54,Paid
fadf8c8e-0e24-4d84-94fd-1225f3d74908,32689130-337a-43c5-8e07-f5f27ec9ea37,2022-06-22,2022-07-22,35239.05,Unpaid
c6318049-60d8-42ea-bbec-ef45d2ed2cfd,0fc452b8-a0dd-400d-9103-7f3281af897e,2024-10-17,2024-11-16,76039.66,Paid
5b52dea5-8b01-4389-9d1b-cba8ea16a61a,d66323b5-e5da-4a08-baad-c912d1263d5d,2024-04-17,2024-05-17,24145.03,Overdue
78fcd45d-9e26-4e51-bac5-359687baa2b1,6cac5daa-fc6d-4e89-83f2-3cea32b9a7dc,2024-12-10,2025-01-09,9460.51,Paid
e96bd222-6e40-47f5-a816-867b7d8237bc,3fc178dd-e71b-457a-82a6-d7672b645660,2024-03-07,2024-04-06,21000.94,Paid
cfb6802a-879a-45b1-aeef-8e85a42db06f,8c01f7a3-035e-4c35-84f0-83f81dcfae69,2022-04-25,2022-05-25,10475.73,Overdue
96473599-3233-4084-91f6-8906c0c7a9ad,42db63f4-01cf-4ff1-ab71-0d82ae596c45,2025-05-06,2025-06-05,41050.41,Paid
7169abf9-7af3-4b2c-a600-b6447ec06b51,5f06a3e1-6ea4-4e26-9a72-4e037d40a503,2024-06-23,2024-07-23,6206.72,Paid
65a74ac3-1cc9-4cba-aa6e-205c6496ccf7,86a95f1e-9e68-4d9d-b6be-d3092070080b,2024-02-18,2024-03-19,21224.9,Overdue
dde0768a-c7ce-4a88-948e-a509815aa80e,36168176-3639-44d3-9590-707d6f211b2d,2022-11-19,2022-12-19,35622.61,Paid
eb9b2671-ccb9-49b3-82bd-c535cf788d90,5b7fbe29-da88-48d6-9420-18e960756b3f,2024-09-03,2024-10-03,2083.95,Paid
00e11624-b368-4929-8c99-cea8336bb85f,2636cad9-1c8c-4e6f-9133-b8dd469df314,2024-05-04,2024-06-03,2208.45,Paid
9118aab6-aef7-4739-91f4-bbbbdf4f6a19,16309209-c907-4bad-88cc-35bc42cd9ae0,2024-03-15,2024-04-14,1361.33,Paid
d479f3f6-0515-49b4-9c84-703610d50d1a,b8898097-c201-40d9-8304-16ce5b492422,2024-01-05,2024-02-04,28316.23,Paid
dedd6e5b-6df6-450a-b933-d2c5332a987e,3fc178dd-e71b-457a-82a6-d7672b645660,2024-03-24,2024-04-23,6816.28,Unpaid
ee6fdc12-3b49-4eac-aa36-e1a7163c0cb0,7c08d569-54f8-43cb-893c-1cabd5675583,2024-08-15,2024-09-14,78533.16,Unpaid
5644a14b-5860-44af-85ee-fade7870f6d2,23a9f1fc-c09b-44aa-9088-f1445c93235a,2024-02-22,2024-03-23,18421.88,Paid
5f4aadb4-067a-4edb-bd98-fb1cabafc5f2,ce7fd76e-d9d7-45b1-a6ba-c833e0329c84,2023-09-26,2023-10-26,1954.05,Paid
63b0790e-f1f6-4021-8661-f92d55565245,3183cc0a-d1b5-45e7-9e34-8f815ba36483,2023-11-19,2023-12-19,13124.51,Overdue
0c1234dc-c4b1-467a-b53e-7c3c5659fc67,35c78b1b-c5f1-4509-8741-7f24159becc9,2023-06-23,2023-07-23,15718.57,Paid
0845555c-66fe-40b1-8875-4b3c9f2d07f8,6cac5daa-fc6d-4e89-83f2-3cea32b9a7dc,2024-12-02,2025-01-01,5719.81,Overdue
7acb5312-8387-4a3a-86ce-27fd912d0975,1f42d3e8-b602-467c-af39-670310fc930f,2023-02-04,2023-03-06,82229.53,Paid
97c84780-5ea9-4d3c-a8e6-e1a927d08bba,3325a735-0108-4afa-9b13-b79810b0d040,2024-11-20,2024-12-20,28779.08,Unpaid
43c905e2-c3c3-4485-b633-4cf8a5587bbf,5daebd63-bc6d-4596-b1f8-c4f8ecb14729,2024-12-14,2025-01-13,13826.24,Unpaid
29613984-7596-47aa-b55e-46ec76e9de71,b5201608-3ccd-4d0d-ab87-72942ee70240,2024-04-11,2024-05-11,30750.03,Paid
6d0023d8-4819-4c57-95ba-c00af9ac78ee,1bd90f3e-b297-4155-bba8-c8275188c5e2,2023-04-26,2023-05-26,6891.78,Paid
dd87c6a2-f909-4236-b9cd-009892903705,b30346ea-bb0c-4291-b7c9-dab1849b3c28,2023-06-04,2023-07-04,25661.26,Overdue
22f76359-b3fb-413f-865a-981884c15402,16b36fb2-946a-437f-ae26-76f8a5389dad,2024-10-14,2024-11-13,43260.47,Paid
4e9c1a4d-5f12-4a75-9ae9-0090eb8c0fed,56a08cb3-b6bd-4359-94b8-01c512925af0,2024-05-31,2024-06-30,9694.94,Paid
0484303a-4fe9-43f2-a7d8-b0acb4f64012,638a2a75-bd3b-489a-8d35-586b57bb1f6b,2025-03-14,2025-04-13,23590.4,Paid
7437742d-ebe8-4998-9be3-cdc6eeb22465,3b165a74-2494-4f83-9060-7a75345a362a,2023-10-03,2023-11-02,10553.17,Overdue
be7e7080-31e6-4af2-a0a7-6f850195ee19,d5a5587a-220d-4b82-b732-cbb8c0ed0f54,2023-03-21,2023-04-20,1215.64,Paid
